Cbl1,Cbl18
Cbl1,Cbl29
Cbl1,Cbl46
Cbl1,Cbl78
Cbl1,Cbl83
Cbl1,Cbl91
Cbl1,Cbl102
Cbl4,Cbl110
Cbl9,Cbl88
Cbl9,Cbl91
Cbl11,Cbl46
Cbl11,Cbl88
Cbl13,Cbl29
Cbl13,Cbl46
Cbl13,Cbl81
Cbl13,Cbl88
Cbl13,Cbl91
Cbl13,Cbl110
Cbl14,Cbl83
Cbl17,Cbl18
Cbl17,Cbl50
Cbl17,Cbl74
Cbl17,Cbl104
Cbl18,Cbl22
Cbl18,Cbl29
Cbl18,Cbl31
Cbl18,Cbl32
Cbl18,Cbl33
Cbl18,Cbl34
Cbl18,Cbl41
Cbl18,Cbl44
Cbl18,Cbl46
Cbl18,Cbl50
Cbl18,Cbl58
Cbl18,Cbl62
Cbl18,Cbl64
Cbl18,Cbl67
Cbl18,Cbl74
Cbl18,Cbl83
Cbl18,Cbl84
Cbl18,Cbl91
Cbl18,Cbl98
Cbl18,Cbl100
Cbl18,Cbl102
Cbl18,Cbl108
Cbl18,Cbl110
Cbl18,Cbl121
Cbl21,Cbl22
Cbl21,Cbl32
Cbl21,Cbl84
Cbl22,Cbl29
Cbl22,Cbl31
Cbl22,Cbl32
Cbl22,Cbl34
Cbl22,Cbl44
Cbl22,Cbl46
Cbl22,Cbl50
Cbl22,Cbl53
Cbl22,Cbl54
Cbl22,Cbl62
Cbl22,Cbl65
Cbl22,Cbl73
Cbl22,Cbl74
Cbl22,Cbl77
Cbl22,Cbl83
Cbl22,Cbl84
Cbl22,Cbl91
Cbl22,Cbl98
Cbl22,Cbl100
Cbl22,Cbl102
Cbl22,Cbl108
Cbl22,Cbl113
Cbl23,Cbl46
Cbl23,Cbl83
Cbl23,Cbl108
Cbl25,Cbl34
Cbl25,Cbl46
Cbl27,Cbl29
Cbl27,Cbl46
Cbl27,Cbl88
Cbl27,Cbl91
Cbl27,Cbl102
Cbl27,Cbl116
Cbl29,Cbl32
Cbl29,Cbl34
Cbl29,Cbl35
Cbl29,Cbl40
Cbl29,Cbl41
Cbl29,Cbl46
Cbl29,Cbl74
Cbl29,Cbl78
Cbl29,Cbl83
Cbl29,Cbl84
Cbl29,Cbl85
Cbl29,Cbl88
Cbl29,Cbl91
Cbl29,Cbl98
Cbl29,Cbl102
Cbl29,Cbl107
Cbl29,Cbl110
Cbl29,Cbl112
Cbl29,Cbl115
Cbl29,Cbl116
Cbl29,Cbl119
Cbl30,Cbl53
Cbl30,Cbl65
Cbl30,Cbl83
Cbl31,Cbl34
Cbl31,Cbl44
Cbl31,Cbl73
Cbl31,Cbl83
Cbl31,Cbl100
Cbl31,Cbl121
Cbl32,Cbl34
Cbl32,Cbl35
Cbl32,Cbl37
Cbl32,Cbl46
Cbl32,Cbl67
Cbl32,Cbl84
Cbl32,Cbl92
Cbl32,Cbl98
Cbl32,Cbl100
Cbl32,Cbl102
Cbl33,Cbl38
Cbl33,Cbl41
Cbl33,Cbl44
Cbl33,Cbl58
Cbl33,Cbl91
Cbl33,Cbl121
Cbl34,Cbl35
Cbl34,Cbl44
Cbl34,Cbl46
Cbl34,Cbl67
Cbl34,Cbl76
Cbl34,Cbl78
Cbl34,Cbl84
Cbl34,Cbl91
Cbl34,Cbl98
Cbl34,Cbl102
Cbl34,Cbl115
Cbl34,Cbl119
Cbl35,Cbl46
Cbl35,Cbl67
Cbl38,Cbl41
Cbl38,Cbl44
Cbl38,Cbl116
Cbl40,Cbl41
Cbl40,Cbl91
Cbl40,Cbl102
Cbl41,Cbl83
Cbl41,Cbl91
Cbl41,Cbl102
Cbl41,Cbl121
Cbl42,Cbl65
Cbl42,Cbl119
Cbl44,Cbl53
Cbl44,Cbl54
Cbl44,Cbl58
Cbl44,Cbl73
Cbl44,Cbl74
Cbl44,Cbl100
Cbl44,Cbl121
Cbl46,Cbl47
Cbl46,Cbl50
Cbl46,Cbl51
Cbl46,Cbl64
Cbl46,Cbl67
Cbl46,Cbl74
Cbl46,Cbl78
Cbl46,Cbl83
Cbl46,Cbl88
Cbl46,Cbl91
Cbl46,Cbl98
Cbl46,Cbl102
Cbl46,Cbl108
Cbl46,Cbl110
Cbl46,Cbl115
Cbl46,Cbl119
Cbl46,Cbl120
Cbl47,Cbl108
Cbl47,Cbl113
Cbl50,Cbl53
Cbl50,Cbl54
Cbl50,Cbl74
Cbl50,Cbl100
Cbl50,Cbl104
Cbl50,Cbl108
Cbl50,Cbl116
Cbl50,Cbl119
Cbl53,Cbl54
Cbl53,Cbl65
Cbl53,Cbl74
Cbl53,Cbl100
Cbl53,Cbl104
Cbl53,Cbl110
Cbl53,Cbl113
Cbl53,Cbl119
Cbl54,Cbl74
Cbl54,Cbl100
Cbl54,Cbl113
Cbl58,Cbl91
Cbl58,Cbl108
Cbl58,Cbl121
Cbl62,Cbl64
Cbl62,Cbl65
Cbl62,Cbl83
Cbl62,Cbl91
Cbl62,Cbl105
Cbl62,Cbl108
Cbl62,Cbl120
Cbl64,Cbl83
Cbl64,Cbl88
Cbl64,Cbl91
Cbl64,Cbl102
Cbl64,Cbl107
Cbl64,Cbl108
Cbl64,Cbl110
Cbl65,Cbl71
Cbl65,Cbl83
Cbl65,Cbl104
Cbl65,Cbl110
Cbl65,Cbl113
Cbl65,Cbl119
Cbl65,Cbl122
Cbl67,Cbl74
Cbl67,Cbl83
Cbl67,Cbl102
Cbl67,Cbl108
Cbl74,Cbl83
Cbl74,Cbl100
Cbl74,Cbl108
Cbl74,Cbl113
Cbl77,Cbl120
Cbl78,Cbl91
Cbl78,Cbl102
Cbl81,Cbl110
Cbl83,Cbl91
Cbl83,Cbl102
Cbl83,Cbl107
Cbl83,Cbl108
Cbl83,Cbl113
Cbl83,Cbl119
Cbl83,Cbl120
Cbl83,Cbl121
Cbl84,Cbl85
Cbl84,Cbl98
Cbl84,Cbl102
Cbl84,Cbl110
Cbl84,Cbl117
Cbl85,Cbl102
Cbl88,Cbl91
Cbl88,Cbl98
Cbl88,Cbl102
Cbl88,Cbl108
Cbl88,Cbl110
Cbl88,Cbl115
Cbl89,Cbl98
Cbl91,Cbl98
Cbl91,Cbl102
Cbl91,Cbl105
Cbl91,Cbl107
Cbl91,Cbl108
Cbl91,Cbl110
Cbl91,Cbl115
Cbl93,Cbl100
Cbl98,Cbl102
Cbl98,Cbl108
Cbl98,Cbl119
Cbl98,Ctx59
Cbl98,Ctx60
Cbl102,Cbl108
Cbl102,Cbl112
Cbl102,Cbl115
Cbl102,Cbl116
Cbl102,Ctx59
Cbl102,Ctx60
Cbl103,Cbl119
Cbl104,Cbl119
Cbl108,Cbl113
Cbl108,Cbl120
Cbl110,Cbl113
Cbl113,Cbl118
Cbl116,Cbl119
Cbl116,Ctx59
Cbl116,Ctx60
Cbl119,Cbl122
Cbl119,Ctx59
Cbl119,Ctx60
